YOJ,Discount,Sales,Profit,Recency,Monetary,Frequency,RFM
2011,0.14220265379975885,232.71290711700846,27.894899782870905,2.7310012062726177,2.962605548854041,2.493365500603136,2.7289907519099317
2012,0.14550306748466252,241.0715746421268,20.524100020449907,2.7341513292433537,3.0848670756646217,2.890593047034765,2.903203817314248
2013,0.14617278287461735,233.20107033639144,29.503265321100915,2.712538226299694,2.981651376146789,2.9831804281345566,2.8924566768603515
2014,0.1445565638233506,240.49909255898368,31.348732800967912,3.3914095583787054,2.9600725952813067,3.29340592861464,3.214962694091549
2015,0.12028571428571425,215.72380952380954,5.2359228571428575,5.0,3.342857142857143,3.5904761904761906,3.977777777777778
