YOJ,Discount,Sales,Profit,Recency,Monetary,Frequency,RFM
2011,0.14220265379975885,232.71290711700846,27.894899782870905,2.9276236429433053,2.962605548854041,3.8866103739445115,3.258946521913951
2012,0.14550306748466252,241.0715746421268,20.524100020449907,3.0265848670756648,3.0848670756646217,3.2556237218813906,3.1223585548738986
2013,0.14617278287461735,233.20107033639144,29.503265321100915,2.9747706422018347,2.981651376146789,2.79434250764526,2.916921508664632
2014,0.1445565638233506,240.49909255898368,31.348732800967912,2.9479733817301876,2.9600725952813067,2.5620084694494856,2.823351482153654
2015,0.12028571428571425,215.72380952380954,5.2359228571428575,4.438095238095238,3.342857142857143,3.057142857142857,3.612698412698412
